/*
SQLyog Ultimate v8.32 
MySQL - 5.7.17-log : Database - channal_schedule
*********************************************************************
*/

/*!40101 SET NAMES utf8 */;

/*!40101 SET SQL_MODE=''*/;

/*!40014 SET @OLD_UNIQUE_CHECKS=@@UNIQUE_CHECKS, UNIQUE_CHECKS=0 */;
/*!40014 SET @OLD_FOREIGN_KEY_CHECKS=@@FOREIGN_KEY_CHECKS, FOREIGN_KEY_CHECKS=0 */;
/*!40101 SET @OLD_SQL_MODE=@@SQL_MODE, SQL_MODE='NO_AUTO_VALUE_ON_ZERO' */;
/*!40111 SET @OLD_SQL_NOTES=@@SQL_NOTES, SQL_NOTES=0 */;
CREATE DATABASE /*!32312 IF NOT EXISTS*/`channal_schedule` /*!40100 DEFAULT CHARACTER SET utf8mb4 */;

USE `channal_schedule`;

/*Table structure for table `channal` */

DROP TABLE IF EXISTS `channal`;

CREATE TABLE `channal` (
  `channal_id` int(8) NOT NULL AUTO_INCREMENT,
  `channal_name` varchar(255) DEFAULT NULL COMMENT '渠道名字',
  PRIMARY KEY (`channal_id`)
) ENGINE=InnoDB AUTO_INCREMENT=7 DEFAULT CHARSET=utf8;

/*Data for the table `channal` */

insert  into `channal`(`channal_id`,`channal_name`) values (1,'美团'),(2,'百度糯米'),(3,'淘票票'),(4,'格瓦拉'),(5,'大众点评'),(6,'猫眼');

/*Table structure for table `cinema` */

DROP TABLE IF EXISTS `cinema`;

CREATE TABLE `cinema` (
  `cinema_id` int(8) NOT NULL COMMENT '影院ID，每个渠道的影院ID不相同',
  `cinema_name` varchar(255) DEFAULT NULL COMMENT '影院名字',
  `channal_id` int(8) NOT NULL COMMENT '渠道ID',
  `id` int(11) NOT NULL COMMENT '易得票影院ID'
) ENGINE=InnoDB DEFAULT CHARSET=utf8;

/*Data for the table `cinema` */

insert  into `cinema`(`cinema_id`,`cinema_name`,`channal_id`,`id`) values (6187,'潇湘国际影城天马店',3,99),(4938,'湖南大剧院',3,49),(134796139,'长沙潇湘国际影城-天马店',4,99),(136378877,'长沙CGV星聚汇影城-岳麓店',4,22),(5488032,'潇湘国际影城(天马店)',5,99),(1210,'潇湘国际影城(长沙天马店)',2,99),(13719174,'万达影城(开福店)',5,1),(5841,'CGV星聚汇影城(岳麓店)',6,66),(13909,'SFC上影影城(绿地中央广场店)',6,13909);

/*Table structure for table `movie_info` */

DROP TABLE IF EXISTS `movie_info`;

CREATE TABLE `movie_info` (
  `movie_name` varchar(255) NOT NULL COMMENT '电影名字',
  `runtime` datetime DEFAULT NULL COMMENT '放映时间',
  `run_date` datetime DEFAULT NULL COMMENT '爬虫爬取时间',
  `run_type` varchar(255) DEFAULT NULL COMMENT '放映版本',
  `old_price` varchar(255) DEFAULT NULL COMMENT '电影原价',
  `new_price` varchar(255) DEFAULT NULL COMMENT '电影现价',
  `hall_name` varchar(255) DEFAULT NULL COMMENT '放映厅',
  `channal_id` int(8) DEFAULT NULL COMMENT '渠道ID',
  `cinema_id` int(8) DEFAULT NULL COMMENT '影院ID，每个渠道的影院ID不相同'
) ENGINE=InnoDB DEFAULT CHARSET=utf8;

/*Data for the table `movie_info` */

insert  into `movie_info`(`movie_name`,`runtime`,`run_date`,`run_type`,`old_price`,`new_price`,`hall_name`,`channal_id`,`cinema_id`) values ('摔跤吧！爸爸','2017-05-12 18:15:00','2017-05-12 16:33:41','2D','80','31','六号厅',2,1210),('摔跤吧！爸爸','2017-05-12 20:20:00','2017-05-12 16:33:41','2D','80','31','五号厅',2,1210),('摔跤吧！爸爸','2017-05-12 19:45:00','2017-05-12 16:33:41','2D','80','31','一号厅',2,1210),('摔跤吧！爸爸','2017-05-12 21:20:00','2017-05-12 16:33:41','2D','80','31','二号厅',2,1210),('摔跤吧！爸爸','2017-05-13 10:25:00','2017-05-12 16:33:41','2D','80','31','一号厅',2,1210),('摔跤吧！爸爸','2017-05-13 13:00:00','2017-05-12 16:33:41','2D','80','31','一号厅',2,1210),('摔跤吧！爸爸','2017-05-13 14:30:00','2017-05-12 16:33:41','2D','80','31','四号厅',2,1210),('摔跤吧！爸爸','2017-05-13 17:20:00','2017-05-12 16:33:41','2D','80','31','二号厅',2,1210),('摔跤吧！爸爸','2017-05-13 19:00:00','2017-05-12 16:33:41','2D','80','31','四号厅',2,1210),('摔跤吧！爸爸','2017-05-13 19:50:00','2017-05-12 16:33:41','2D','80','31','三号厅',2,1210),('摔跤吧！爸爸','2017-05-13 21:25:00','2017-05-12 16:33:42','2D','80','31','一号厅',2,1210),('亚瑟王：斗兽争霸','2017-05-12 19:00:00','2017-05-12 16:33:42','3D','80','36','二号厅',2,1210),('亚瑟王：斗兽争霸','2017-05-12 20:00:00','2017-05-12 16:33:42','3D','80','36','三号厅',2,1210),('亚瑟王：斗兽争霸','2017-05-12 22:25:00','2017-05-12 16:33:42','3D','80','36','三号厅',2,1210),('亚瑟王：斗兽争霸','2017-05-13 10:30:00','2017-05-12 16:33:42','3D','80','36','三号厅',2,1210),('亚瑟王：斗兽争霸','2017-05-13 12:50:00','2017-05-12 16:33:42','3D','80','36','三号厅',2,1210),('亚瑟王：斗兽争霸','2017-05-13 15:00:00','2017-05-12 16:33:42','3D','80','36','二号厅',2,1210),('亚瑟王：斗兽争霸','2017-05-13 17:30:00','2017-05-12 16:33:42','3D','80','36','三号厅',2,1210),('亚瑟王：斗兽争霸','2017-05-13 19:10:00','2017-05-12 16:33:42','3D','80','36','六号厅',2,1210),('亚瑟王：斗兽争霸','2017-05-13 20:20:00','2017-05-12 16:33:42','3D','80','36','五号厅',2,1210),('亚瑟王：斗兽争霸','2017-05-13 22:30:00','2017-05-12 16:33:42','3D','80','36','三号厅',2,1210),('银河护卫队2','2017-05-12 17:30:00','2017-05-12 16:33:42','3D','80','36','三号厅',2,1210),('银河护卫队2','2017-05-13 12:30:00','2017-05-12 16:33:42','3D','80','36','二号厅',2,1210),('毒。诫','2017-05-12 17:50:00','2017-05-12 16:33:42','2D','80','31','一号厅',2,1210),('银河护卫队2','2017-05-13 15:30:00','2017-05-12 16:33:42','3D','80','36','五号厅',2,1210),('毒。诫','2017-05-12 20:50:00','2017-05-12 16:33:42','2D','80','31','六号厅',2,1210),('毒。诫','2017-05-12 22:20:00','2017-05-12 16:33:42','2D','80','31','一号厅',2,1210),('毒。诫','2017-05-13 10:40:00','2017-05-12 16:33:42','2D','80','31','四号厅',2,1210),('毒。诫','2017-05-13 12:35:00','2017-05-12 16:33:42','2D','80','31','四号厅',2,1210),('毒。诫','2017-05-13 15:40:00','2017-05-12 16:33:42','2D','80','31','一号厅',2,1210),('毒。诫','2017-05-13 17:05:00','2017-05-12 16:33:42','2D','80','31','四号厅',2,1210),('毒。诫','2017-05-13 19:30:00','2017-05-12 16:33:42','2D','80','31','一号厅',2,1210),('超凡战队','2017-05-12 17:00:00','2017-05-12 16:33:42','3D','80','36','四号厅',2,1210),('超凡战队','2017-05-12 19:20:00','2017-05-12 16:33:42','3D','80','36','四号厅',2,1210),('超凡战队','2017-05-12 18:00:00','2017-05-12 16:33:42','3D','80','36','五号厅',2,1210),('超凡战队','2017-05-12 21:40:00','2017-05-12 16:33:42','3D','80','36','四号厅',2,1210),('超凡战队','2017-05-13 10:50:00','2017-05-12 16:33:42','3D','80','36','五号厅',2,1210),('超凡战队','2017-05-13 13:10:00','2017-05-12 16:33:42','3D','80','36','五号厅',2,1210),('超凡战队','2017-05-13 15:10:00','2017-05-12 16:33:42','3D','80','36','三号厅',2,1210),('麻烦家族','2017-05-13 17:35:00','2017-05-12 16:33:42','2D','80','34','一号厅',2,1210),('麻烦家族','2017-05-13 10:35:00','2017-05-12 16:33:42','2D','80','34','二号厅',2,1210),('超凡战队','2017-05-13 20:00:00','2017-05-12 16:33:42','3D','80','36','二号厅',2,1210),('麻烦家族','2017-05-13 22:40:00','2017-05-12 16:33:42','2D','80','34','五号厅',2,1210),('提着心 吊着胆','2017-05-12 22:45:00','2017-05-12 16:33:42','2D','80','31','六号厅',2,1210),('提着心 吊着胆','2017-05-13 10:20:00','2017-05-12 16:33:42','2D','80','31','六号厅',2,1210),('提着心 吊着胆','2017-05-13 12:40:00','2017-05-12 16:33:42','2D','80','31','六号厅',2,1210),('提着心 吊着胆','2017-05-13 21:30:00','2017-05-12 16:33:42','2D','80','31','六号厅',2,1210),('喜欢你','2017-05-13 14:45:00','2017-05-12 16:33:42','2D','80','34','六号厅',2,1210),('记忆大师','2017-05-12 21:20:00','2017-05-12 16:33:42','国语/2D','0','56','十号厅',5,13719174),('摔跤吧！爸爸','2017-05-12 17:15:00','2017-05-12 16:33:42','国语/2D','0','33','九号厅',5,13719174),('摔跤吧！爸爸','2017-05-12 21:45:00','2017-05-12 16:33:42','原版/2D','0','186','VIP厅',5,13719174),('摔跤吧！爸爸','2017-05-12 19:55:00','2017-05-12 16:33:42','原版/2D','0','54','九号厅',5,13719174),('摔跤吧！爸爸','2017-05-12 20:55:00','2017-05-12 16:33:42','原版/2D','0','54','八号—别克厅',5,13719174),('摔跤吧！爸爸','2017-05-12 22:50:00','2017-05-12 16:33:42','国语/2D','0','31','六号厅',5,13719174),('毒。诫','2017-05-12 17:00:00','2017-05-12 16:33:42','国语/2D','0','33','三号厅',5,13719174),('毒。诫','2017-05-12 17:25:00','2017-05-12 16:33:42','国语/2D','0','33','十号厅',5,13719174),('毒。诫','2017-05-12 18:55:00','2017-05-12 16:33:42','粤语/2D','0','34','三号厅',5,13719174),('毒。诫','2017-05-12 20:50:00','2017-05-12 16:33:42','粤语/2D','0','54','三号厅',5,13719174),('毒。诫','2017-05-12 22:45:00','2017-05-12 16:33:42','国语/2D','0','31','三号厅',5,13719174),('提着心，吊着胆','2017-05-12 22:35:00','2017-05-12 16:33:42','国语/2D','0','31','九号厅',5,13719174),('麻烦家族','2017-05-12 19:20:00','2017-05-12 16:33:42','国语/2D','0','54','十号厅',5,13719174),('超凡战队','2017-05-12 17:20:00','2017-05-12 16:33:42','英语/3D','0','53','一号MX4D厅',5,13719174),('超凡战队','2017-05-12 18:30:00','2017-05-12 16:33:42','英语/3D','0','44','八号—别克厅',5,13719174),('超凡战队','2017-05-12 19:45:00','2017-05-12 16:33:42','英语/3D','0','64','一号MX4D厅',5,13719174),('超凡战队','2017-05-12 22:10:00','2017-05-12 16:33:42','英语/3D','0','51','一号MX4D厅',5,13719174),('碟仙前传','2017-05-12 23:35:00','2017-05-12 16:33:42','国语/2D','0','31','十号厅',5,13719174),('拆弹·专家','2017-05-12 19:30:00','2017-05-12 16:33:42','粤语/2D','0','186','VIP厅',5,13719174),('提着心，吊着胆','2017-05-12 22:45:00','2017-05-12 16:33:42','国语/2D','0','31','六号厅',5,5488032),('银河护卫队2','2017-05-12 17:30:00','2017-05-12 16:33:42','英语/3D','0','36','三号厅',5,5488032),('亚瑟王：斗兽争霸','2017-05-12 17:10:00','2017-05-12 16:33:42','英语/3D','0','43','七号6FL厅',5,13719174),('麻烦家族','2017-05-13 10:35:00','2017-05-12 16:33:42','国语','80','34','二号厅',4,134796139),('亚瑟王：斗兽争霸','2017-05-12 19:35:00','2017-05-12 16:33:42','英语/3D','0','74','七号6FL厅',5,13719174),('亚瑟王：斗兽争霸','2017-05-12 18:15:00','2017-05-12 16:33:42','英语/3D','0','44','二号厅',5,13719174),('喜欢·你','2017-05-13 14:45:00','2017-05-12 16:33:42','国语','80','34','六号厅',4,134796139),('麻烦家族','2017-05-13 22:40:00','2017-05-12 16:33:42','国语','80','34','五号厅',4,134796139),('麻烦家族','2017-05-13 17:35:00','2017-05-12 16:33:42','国语','80','34','一号厅',4,134796139),('毒。诫','2017-05-13 10:40:00','2017-05-12 16:33:42','国语','80','31','四号厅',4,134796139),('亚瑟王：斗兽争霸','2017-05-12 20:40:00','2017-05-12 16:33:42','英语/3D','0','74','二号厅',5,13719174),('亚瑟王：斗兽争霸','2017-05-12 22:05:00','2017-05-12 16:33:42','英语/3D','0','41','七号6FL厅',5,13719174),('毒。诫','2017-05-13 12:35:00','2017-05-12 16:33:42','国语','80','31','四号厅',4,134796139),('毒。诫','2017-05-13 15:40:00','2017-05-12 16:33:42','国语','80','31','一号厅',4,134796139),('毒。诫','2017-05-13 17:05:00','2017-05-12 16:33:42','国语','80','31','四号厅',4,134796139),('亚瑟王：斗兽争霸','2017-05-12 23:05:00','2017-05-12 16:33:42','英语/3D','0','41','二号厅',5,13719174),('毒。诫','2017-05-13 19:30:00','2017-05-12 16:33:42','国语','80','31','一号厅',4,134796139),('毒。诫','2017-05-13 22:20:00','2017-05-12 16:33:42','国语','80','31','二号厅',4,134796139),('银河护卫队2','2017-05-12 16:50:00','2017-05-12 16:33:42','英语/3D','0','73','四号IMAX厅',5,13719174),('银河护卫队2','2017-05-12 17:40:00','2017-05-12 16:33:42','英语/3D','0','43','六号厅',5,13719174),('银河护卫队2','2017-05-12 18:25:00','2017-05-12 16:33:42','英语/3D','0','44','五号厅',5,13719174),('银河护卫队2','2017-05-12 19:25:00','2017-05-12 16:33:42','英语/3D','0','106','四号IMAX厅',5,13719174),('提着心，吊着胆','2017-05-13 10:20:00','2017-05-12 16:33:42','国语','80','31','六号厅',4,134796139),('提着心，吊着胆','2017-05-13 12:40:00','2017-05-12 16:33:42','国语','80','31','六号厅',4,134796139),('银河护卫队2','2017-05-12 20:15:00','2017-05-12 16:33:42','英语/3D','0','74','六号厅',5,13719174),('提着心，吊着胆','2017-05-13 21:30:00','2017-05-12 16:33:42','国语','80','31','六号厅',4,134796139),('摔跤吧！爸爸','2017-05-13 10:25:00','2017-05-12 16:33:42','印度语','80','31','一号厅',4,134796139),('摔跤吧！爸爸','2017-05-13 13:00:00','2017-05-12 16:33:42','印度语','80','31','一号厅',4,134796139),('银河护卫队2','2017-05-12 21:05:00','2017-05-12 16:33:42','英语/3D','0','74','五号厅',5,13719174),('银河护卫队2','2017-05-12 22:00:00','2017-05-12 16:33:42','英语/3D','0','76','四号IMAX厅',5,13719174),('毒。诫','2017-05-12 17:50:00','2017-05-12 16:33:42','国语/2D','0','31','一号厅',5,5488032),('毒。诫','2017-05-12 20:50:00','2017-05-12 16:33:42','国语/2D','0','31','六号厅',5,5488032),('摔跤吧！爸爸','2017-05-13 14:30:00','2017-05-12 16:33:42','印度语','80','31','四号厅',4,134796139),('毒。诫','2017-05-12 22:20:00','2017-05-12 16:33:42','国语/2D','0','31','一号厅',5,5488032),('摔跤吧！爸爸','2017-05-13 17:20:00','2017-05-12 16:33:42','印度语','80','31','二号厅',4,134796139),('摔跤吧！爸爸','2017-05-13 19:00:00','2017-05-12 16:33:42','印度语','80','31','四号厅',4,134796139),('摔跤吧！爸爸','2017-05-13 19:50:00','2017-05-12 16:33:42','印度语','80','31','三号厅',4,134796139),('亚瑟王：斗兽争霸','2017-05-12 16:40:00','2017-05-12 16:33:42','英语/3D','0','36','二号厅',5,5488032),('摔跤吧！爸爸','2017-05-13 21:25:00','2017-05-12 16:33:42','印度语','80','31','一号厅',4,134796139),('亚瑟王：斗兽争霸','2017-05-12 19:00:00','2017-05-12 16:33:42','英语/3D','0','36','二号厅',5,5488032),('亚瑟王：斗兽争霸','2017-05-12 20:00:00','2017-05-12 16:33:42','英语/3D','0','36','三号厅',5,5488032),('银河护卫队2','2017-05-13 12:30:00','2017-05-12 16:33:42','英语','80','36','二号厅',4,134796139),('亚瑟王：斗兽争霸','2017-05-12 22:25:00','2017-05-12 16:33:42','英语/3D','0','36','三号厅',5,5488032),('摔跤吧！爸爸','2017-05-12 18:15:00','2017-05-12 16:33:42','原版/2D','0','31','六号厅',5,5488032),('银河护卫队2','2017-05-13 15:30:00','2017-05-12 16:33:42','英语','80','36','五号厅',4,134796139),('超凡战队','2017-05-13 10:50:00','2017-05-12 16:33:42','英语','80','36','五号厅',4,134796139),('超凡战队','2017-05-13 13:10:00','2017-05-12 16:33:42','英语','80','36','五号厅',4,134796139),('超凡战队','2017-05-13 15:10:00','2017-05-12 16:33:42','英语','80','36','三号厅',4,134796139),('摔跤吧！爸爸','2017-05-12 19:45:00','2017-05-12 16:33:42','原版/2D','0','31','一号厅',5,5488032),('摔跤吧！爸爸','2017-05-12 20:20:00','2017-05-12 16:33:42','原版/2D','0','31','五号厅',5,5488032),('摔跤吧！爸爸','2017-05-12 21:20:00','2017-05-12 16:33:42','原版/2D','0','31','二号厅',5,5488032),('超凡战队','2017-05-13 16:45:00','2017-05-12 16:33:42','英语','80','36','六号厅',4,134796139),('超凡战队','2017-05-12 18:00:00','2017-05-12 16:33:42','英语/3D','0','36','五号厅',5,5488032),('超凡战队','2017-05-12 17:00:00','2017-05-12 16:33:42','英语/3D','0','36','四号厅',5,5488032),('超凡战队','2017-05-13 18:00:00','2017-05-12 16:33:42','英语','80','36','五号厅',4,134796139),('超凡战队','2017-05-13 20:00:00','2017-05-12 16:33:42','英语','80','36','二号厅',4,134796139),('超凡战队','2017-05-13 21:40:00','2017-05-12 16:33:42','英语','80','36','四号厅',4,134796139),('亚瑟王：斗兽争霸','2017-05-13 10:30:00','2017-05-12 16:33:42','英语','80','36','三号厅',4,134796139),('超凡战队','2017-05-12 19:20:00','2017-05-12 16:33:42','英语/3D','0','36','四号厅',5,5488032),('超凡战队','2017-05-12 21:40:00','2017-05-12 16:33:42','英语/3D','0','36','四号厅',5,5488032),('亚瑟王：斗兽争霸','2017-05-13 12:50:00','2017-05-12 16:33:42','英语','80','36','三号厅',4,134796139),('亚瑟王：斗兽争霸','2017-05-13 15:00:00','2017-05-12 16:33:42','英语','80','36','二号厅',4,134796139),('亚瑟王：斗兽争霸','2017-05-13 17:30:00','2017-05-12 16:33:42','英语','80','36','三号厅',4,134796139),('亚瑟王：斗兽争霸','2017-05-13 19:10:00','2017-05-12 16:33:42','英语','80','36','六号厅',4,134796139),('亚瑟王：斗兽争霸','2017-05-13 20:20:00','2017-05-12 16:33:42','英语','80','36','五号厅',4,134796139),('亚瑟王：斗兽争霸','2017-05-13 22:30:00','2017-05-12 16:33:42','英语','80','36','三号厅',4,134796139),('提着心，吊着胆','2017-05-12 22:45:00','2017-05-12 16:33:42','国语','80','31','六号厅',4,134796139),('麻烦家族','2017-05-14 16:15:00','2017-05-12 16:33:42','国语','70','35','传祺长坤8厅',4,136378877),('麻烦家族','2017-05-14 18:20:00','2017-05-12 16:33:42','国语','70','35','传祺长坤8厅',4,136378877),('毒。诫','2017-05-12 17:50:00','2017-05-12 16:33:43','国语','80','31','一号厅',4,134796139),('毒。诫','2017-05-12 20:50:00','2017-05-12 16:33:43','国语','80','31','六号厅',4,134796139),('毒。诫','2017-05-12 22:20:00','2017-05-12 16:33:43','国语','80','31','一号厅',4,134796139),('摔跤吧！爸爸','2017-05-12 18:15:00','2017-05-12 16:33:43','印度语','80','31','六号厅',4,134796139),('摔跤吧！爸爸','2017-05-12 19:45:00','2017-05-12 16:33:43','印度语','80','31','一号厅',4,134796139),('摔跤吧！爸爸','2017-05-12 20:20:00','2017-05-12 16:33:43','印度语','80','31','五号厅',4,134796139),('摔跤吧！爸爸','2017-05-12 21:20:00','2017-05-12 16:33:43','印度语','80','31','二号厅',4,134796139),('亚瑟王：斗兽争霸','2017-05-12 19:00:00','2017-05-12 16:33:43','英语','80','36','二号厅',4,134796139),('亚瑟王：斗兽争霸','2017-05-12 22:25:00','2017-05-12 16:33:43','英语','80','36','三号厅',4,134796139),('亚瑟王：斗兽争霸','2017-05-12 20:00:00','2017-05-12 16:33:43','英语','80','36','三号厅',4,134796139),('银河护卫队2','2017-05-12 17:30:00','2017-05-12 16:33:43','英语','80','36','三号厅',4,134796139),('蓝精灵3：寻找神秘村','2017-05-14 10:55:00','2017-05-12 16:33:43','国语','80','35','传祺长坤8厅',4,136378877),('蓝精灵3：寻找神秘村','2017-05-14 12:45:00','2017-05-12 16:33:43','国语','80','35','传祺长坤8厅',4,136378877),('蓝精灵3：寻找神秘村','2017-05-14 14:30:00','2017-05-12 16:33:43','国语','80','35','传祺长坤8厅',4,136378877),('超凡战队','2017-05-12 17:00:00','2017-05-12 16:33:43','英语','80','36','四号厅',4,134796139),('超凡战队','2017-05-12 18:00:00','2017-05-12 16:33:43','英语','80','36','五号厅',4,134796139),('超凡战队','2017-05-12 19:20:00','2017-05-12 16:33:43','英语','80','36','四号厅',4,134796139),('超凡战队','2017-05-12 21:40:00','2017-05-12 16:33:43','英语','80','36','四号厅',4,134796139),('加勒比海盗5：死无对证','2017-05-27 00:00:00','2017-05-12 16:33:43','英语','80','35','6厅',4,136378877),('加勒比海盗5：死无对证','2017-05-27 00:30:00','2017-05-12 16:33:43','英语','140','55','IMAX厅',4,136378877),('加勒比海盗5：死无对证','2017-05-27 10:00:00','2017-05-12 16:33:43','英语','140','55','IMAX厅',4,136378877),('加勒比海盗5：死无对证','2017-05-27 10:30:00','2017-05-12 16:33:43','英语','90','40','4厅Dual4K',4,136378877),('加勒比海盗5：死无对证','2017-05-27 12:25:00','2017-05-12 16:33:43','英语','140','55','IMAX厅',4,136378877),('加勒比海盗5：死无对证','2017-05-27 13:00:00','2017-05-12 16:33:43','英语','90','40','4厅Dual4K',4,136378877),('加勒比海盗5：死无对证','2017-05-27 14:50:00','2017-05-12 16:33:43','英语','140','55','IMAX厅',4,136378877),('加勒比海盗5：死无对证','2017-05-27 15:30:00','2017-05-12 16:33:43','英语','90','40','4厅Dual4K',4,136378877),('加勒比海盗5：死无对证','2017-05-27 17:15:00','2017-05-12 16:33:43','英语','140','55','IMAX厅',4,136378877),('加勒比海盗5：死无对证','2017-05-27 18:00:00','2017-05-12 16:33:43','英语','90','40','4厅Dual4K',4,136378877),('加勒比海盗5：死无对证','2017-05-27 19:00:00','2017-05-12 16:33:43','英语','80','35','6厅',4,136378877),('加勒比海盗5：死无对证','2017-05-27 19:40:00','2017-05-12 16:33:43','英语','140','55','IMAX厅',4,136378877),('加勒比海盗5：死无对证','2017-05-27 20:30:00','2017-05-12 16:33:43','英语','90','40','4厅Dual4K',4,136378877),('加勒比海盗5：死无对证','2017-05-27 21:30:00','2017-05-12 16:33:43','英语','80','35','6厅',4,136378877),('加勒比海盗5：死无对证','2017-05-27 22:05:00','2017-05-12 16:33:43','英语','140','55','IMAX厅',4,136378877),('加勒比海盗5：死无对证','2017-05-27 23:00:00','2017-05-12 16:33:43','英语','90','40','4厅Dual4K',4,136378877),('加勒比海盗5：死无对证','2017-05-27 00:00:00','2017-05-12 16:33:43','英语','80','35','6厅',4,136378877),('加勒比海盗5：死无对证','2017-05-27 00:30:00','2017-05-12 16:33:43','英语','140','55','IMAX厅',4,136378877),('加勒比海盗5：死无对证','2017-05-29 00:00:00','2017-05-12 16:33:43','英语','80','35','6厅',4,136378877),('加勒比海盗5：死无对证','2017-05-29 00:30:00','2017-05-12 16:33:43','英语','140','55','IMAX厅',4,136378877),('超凡战队','2017-05-12 17:00:00','2017-05-12 16:33:43','英语','80','35','7厅',4,136378877),('超凡战队','2017-05-12 19:20:00','2017-05-12 16:33:43','英语','80','35','7厅',4,136378877),('超凡战队','2017-05-12 21:40:00','2017-05-12 16:33:43','英语','80','35','7厅',4,136378877),('异星觉醒','2017-05-19 10:00:00','2017-05-12 16:33:43','英语','70','35','传祺长坤8厅',4,136378877),('异星觉醒','2017-05-19 12:05:00','2017-05-12 16:33:43','英语','70','35','传祺长坤8厅',4,136378877),('异星觉醒','2017-05-19 16:15:00','2017-05-12 16:33:43','英语','70','35','传祺长坤8厅',4,136378877),('异星觉醒','2017-05-19 14:10:00','2017-05-12 16:33:43','英语','70','35','传祺长坤8厅',4,136378877),('异星觉醒','2017-05-19 18:20:00','2017-05-12 16:33:43','英语','70','35','传祺长坤8厅',4,136378877),('异星觉醒','2017-05-19 20:25:00','2017-05-12 16:33:43','英语','70','35','传祺长坤8厅',4,136378877),('异星觉醒','2017-05-19 22:30:00','2017-05-12 16:33:43','英语','70','35','传祺长坤8厅',4,136378877),('麻烦家族','2017-05-13 16:15:00','2017-05-12 16:33:43','国语','70','35','传祺长坤8厅',4,136378877),('麻烦家族','2017-05-13 18:20:00','2017-05-12 16:33:43','国语','70','35','传祺长坤8厅',4,136378877),('蓝精灵3：寻找神秘村','2017-05-13 12:35:00','2017-05-12 16:33:43','国语','80','35','传祺长坤8厅',4,136378877),('蓝精灵3：寻找神秘村','2017-05-13 10:45:00','2017-05-12 16:33:43','国语','80','35','传祺长坤8厅',4,136378877),('蓝精灵3：寻找神秘村','2017-05-13 14:20:00','2017-05-12 16:33:43','国语','80','35','传祺长坤8厅',4,136378877),('加勒比海盗5：死无对证','2017-05-28 00:00:00','2017-05-12 16:33:43','英语','80','35','6厅',4,136378877),('加勒比海盗5：死无对证','2017-05-28 00:30:00','2017-05-12 16:33:43','英语','140','55','IMAX厅',4,136378877),('加勒比海盗5：死无对证','2017-05-28 10:30:00','2017-05-12 16:33:43','英语','90','40','4厅Dual4K',4,136378877),('加勒比海盗5：死无对证','2017-05-28 10:00:00','2017-05-12 16:33:43','英语','140','55','IMAX厅',4,136378877),('加勒比海盗5：死无对证','2017-05-28 12:25:00','2017-05-12 16:33:43','英语','140','55','IMAX厅',4,136378877),('加勒比海盗5：死无对证','2017-05-28 13:00:00','2017-05-12 16:33:43','英语','90','40','4厅Dual4K',4,136378877),('加勒比海盗5：死无对证','2017-05-28 14:50:00','2017-05-12 16:33:43','英语','140','55','IMAX厅',4,136378877),('加勒比海盗5：死无对证','2017-05-28 15:30:00','2017-05-12 16:33:43','英语','90','40','4厅Dual4K',4,136378877),('加勒比海盗5：死无对证','2017-05-28 17:15:00','2017-05-12 16:33:43','英语','140','55','IMAX厅',4,136378877),('加勒比海盗5：死无对证','2017-05-28 18:00:00','2017-05-12 16:33:43','英语','90','40','4厅Dual4K',4,136378877),('加勒比海盗5：死无对证','2017-05-28 19:00:00','2017-05-12 16:33:43','英语','80','35','6厅',4,136378877),('加勒比海盗5：死无对证','2017-05-28 19:40:00','2017-05-12 16:33:43','英语','140','55','IMAX厅',4,136378877),('加勒比海盗5：死无对证','2017-05-28 20:30:00','2017-05-12 16:33:43','英语','90','40','4厅Dual4K',4,136378877),('加勒比海盗5：死无对证','2017-05-28 21:30:00','2017-05-12 16:33:43','英语','80','35','6厅',4,136378877),('加勒比海盗5：死无对证','2017-05-28 22:05:00','2017-05-12 16:33:43','英语','140','55','IMAX厅',4,136378877),('加勒比海盗5：死无对证','2017-05-28 23:00:00','2017-05-12 16:33:43','英语','90','40','4厅Dual4K',4,136378877),('加勒比海盗5：死无对证','2017-05-28 00:00:00','2017-05-12 16:33:43','英语','80','35','6厅',4,136378877),('加勒比海盗5：死无对证','2017-05-28 00:30:00','2017-05-12 16:33:43','英语','140','55','IMAX厅',4,136378877),('加勒比海盗5：死无对证','2017-05-26 00:10:00','2017-05-12 16:33:43','英语','140','55','IMAX厅',4,136378877),('加勒比海盗5：死无对证','2017-05-26 00:15:00','2017-05-12 16:33:43','英语','90','40','4厅Dual4K',4,136378877),('加勒比海盗5：死无对证','2017-05-26 10:00:00','2017-05-12 16:33:43','英语','140','55','IMAX厅',4,136378877),('加勒比海盗5：死无对证','2017-05-26 10:30:00','2017-05-12 16:33:43','英语','90','40','4厅Dual4K',4,136378877),('加勒比海盗5：死无对证','2017-05-26 13:00:00','2017-05-12 16:33:43','英语','90','40','4厅Dual4K',4,136378877),('加勒比海盗5：死无对证','2017-05-26 12:25:00','2017-05-12 16:33:43','英语','140','55','IMAX厅',4,136378877),('加勒比海盗5：死无对证','2017-05-26 14:50:00','2017-05-12 16:33:43','英语','140','55','IMAX厅',4,136378877),('加勒比海盗5：死无对证','2017-05-26 15:30:00','2017-05-12 16:33:43','英语','90','40','4厅Dual4K',4,136378877),('超凡战队','2017-05-13 10:00:00','2017-05-12 16:33:43','英语','80','35','7厅',4,136378877),('超凡战队','2017-05-13 12:20:00','2017-05-12 16:33:43','英语','80','35','7厅',4,136378877),('超凡战队','2017-05-13 17:00:00','2017-05-12 16:33:43','英语','80','35','7厅',4,136378877),('超凡战队','2017-05-13 14:40:00','2017-05-12 16:33:43','英语','80','35','7厅',4,136378877),('超凡战队','2017-05-13 19:20:00','2017-05-12 16:33:43','英语','80','35','7厅',4,136378877),('超凡战队','2017-05-13 21:40:00','2017-05-12 16:33:43','英语','80','35','7厅',4,136378877),('亚瑟王：斗兽争霸','2017-05-13 10:05:00','2017-05-12 16:33:43','英语','80','35','5厅',4,136378877),('亚瑟王：斗兽争霸','2017-05-13 12:30:00','2017-05-12 16:33:43','英语','80','35','5厅',4,136378877),('亚瑟王：斗兽争霸','2017-05-13 15:00:00','2017-05-12 16:33:43','英语','80','35','5厅',4,136378877),('亚瑟王：斗兽争霸','2017-05-13 17:30:00','2017-05-12 16:33:43','英语','80','35','5厅',4,136378877),('亚瑟王：斗兽争霸','2017-05-13 20:00:00','2017-05-12 16:33:43','英语','80','35','5厅',4,136378877),('亚瑟王：斗兽争霸','2017-05-13 22:30:00','2017-05-12 16:33:43','英语','80','35','5厅',4,136378877),('加勒比海盗5：死无对证','2017-05-26 17:15:00','2017-05-12 16:33:43','英语','140','55','IMAX厅',4,136378877),('加勒比海盗5：死无对证','2017-05-26 18:00:00','2017-05-12 16:33:43','英语','90','40','4厅Dual4K',4,136378877),('加勒比海盗5：死无对证','2017-05-26 19:00:00','2017-05-12 16:33:43','英语','80','35','6厅',4,136378877),('加勒比海盗5：死无对证','2017-05-26 19:40:00','2017-05-12 16:33:43','英语','140','55','IMAX厅',4,136378877),('加勒比海盗5：死无对证','2017-05-26 20:30:00','2017-05-12 16:33:43','英语','90','40','4厅Dual4K',4,136378877),('加勒比海盗5：死无对证','2017-05-26 00:00:00','2017-05-12 16:33:43','英语','80','35','6厅',4,136378877),('加勒比海盗5：死无对证','2017-05-26 21:30:00','2017-05-12 16:33:43','英语','80','35','6厅',4,136378877),('加勒比海盗5：死无对证','2017-05-26 22:05:00','2017-05-12 16:33:43','英语','140','55','IMAX厅',4,136378877),('加勒比海盗5：死无对证','2017-05-26 23:00:00','2017-05-12 16:33:43','英语','90','40','4厅Dual4K',4,136378877),('加勒比海盗5：死无对证','2017-05-26 00:30:00','2017-05-12 16:33:43','英语','140','55','IMAX厅',4,136378877),('毒。诫','2017-05-13 13:10:00','2017-05-12 16:33:43','国语','70','35','2厅',4,136378877),('毒。诫','2017-05-13 11:05:00','2017-05-12 16:33:43','国语','70','35','2厅',4,136378877),('毒。诫','2017-05-13 15:15:00','2017-05-12 16:33:43','国语','70','35','2厅',4,136378877),('毒。诫','2017-05-13 20:20:00','2017-05-12 16:33:43','国语','70','35','传祺长坤8厅',4,136378877),('毒。诫','2017-05-13 22:15:00','2017-05-12 16:33:43','国语','70','35','传祺长坤8厅',4,136378877),('摔跤吧！爸爸','2017-05-13 10:50:00','2017-05-12 16:33:43','印度语','70','35','3厅',4,136378877),('摔跤吧！爸爸','2017-05-13 13:25:00','2017-05-12 16:33:43','印度语','70','35','3厅',4,136378877),('摔跤吧！爸爸','2017-05-13 16:00:00','2017-05-12 16:33:43','印度语','70','35','3厅',4,136378877),('摔跤吧！爸爸','2017-05-13 17:40:00','2017-05-12 16:33:43','印度语','70','35','2厅',4,136378877),('摔跤吧！爸爸','2017-05-13 18:35:00','2017-05-12 16:33:43','印度语','70','35','3厅',4,136378877),('摔跤吧！爸爸','2017-05-13 20:25:00','2017-05-12 16:33:43','印度语','70','35','2厅',4,136378877),('摔跤吧！爸爸','2017-05-13 21:10:00','2017-05-12 16:33:43','印度语','70','35','3厅',4,136378877),('毒。诫','2017-05-12 18:10:00','2017-05-12 16:33:43','国语','70','35','传祺长坤8厅',4,136378877),('毒。诫','2017-05-12 20:10:00','2017-05-12 16:33:43','国语','70','35','传祺长坤8厅',4,136378877),('毒。诫','2017-05-12 22:10:00','2017-05-12 16:33:43','国语','70','35','传祺长坤8厅',4,136378877),('亚瑟王：斗兽争霸','2017-05-12 17:30:00','2017-05-12 16:33:43','英语','80','35','5厅',4,136378877),('亚瑟王：斗兽争霸','2017-05-12 20:00:00','2017-05-12 16:33:43','英语','80','35','5厅',4,136378877),('亚瑟王：斗兽争霸','2017-05-12 22:30:00','2017-05-12 16:33:43','英语','80','35','5厅',4,136378877),('银河护卫队2','2017-05-13 10:20:00','2017-05-12 16:33:43','英语','90','40','4厅Dual4K',4,136378877),('银河护卫队2','2017-05-13 11:00:00','2017-05-12 16:33:43','英语','140','55','IMAX厅',4,136378877),('银河护卫队2','2017-05-13 12:55:00','2017-05-12 16:33:43','英语','90','40','4厅Dual4K',4,136378877),('银河护卫队2','2017-05-13 13:40:00','2017-05-12 16:33:43','英语','140','55','IMAX厅',4,136378877),('银河护卫队2','2017-05-13 15:30:00','2017-05-12 16:33:43','英语','90','40','4厅Dual4K',4,136378877),('银河护卫队2','2017-05-13 16:20:00','2017-05-12 16:33:43','英语','140','55','IMAX厅',4,136378877),('银河护卫队2','2017-05-13 18:05:00','2017-05-12 16:33:43','英语','90','40','4厅Dual4K',4,136378877),('银河护卫队2','2017-05-13 19:00:00','2017-05-12 16:33:43','英语','140','55','IMAX厅',4,136378877),('银河护卫队2','2017-05-13 20:40:00','2017-05-12 16:33:43','英语','90','40','4厅Dual4K',4,136378877),('银河护卫队2','2017-05-13 21:45:00','2017-05-12 16:33:43','英语','140','55','IMAX厅',4,136378877),('银河护卫队2','2017-05-13 23:15:00','2017-05-12 16:33:43','英语','90','40','4厅Dual4K',4,136378877),('摔跤吧！爸爸','2017-05-12 17:00:00','2017-05-12 16:33:43','印度语','70','35','2厅',4,136378877),('摔跤吧！爸爸','2017-05-12 18:35:00','2017-05-12 16:33:43','印度语','70','35','3厅',4,136378877),('摔跤吧！爸爸','2017-05-12 19:40:00','2017-05-12 16:33:43','印度语','70','35','2厅',4,136378877),('摔跤吧！爸爸','2017-05-12 21:10:00','2017-05-12 16:33:43','印度语','70','35','3厅',4,136378877),('摔跤吧！爸爸','2017-05-12 22:20:00','2017-05-12 16:33:43','印度语','70','35','2厅',4,136378877),('银河护卫队2','2017-05-12 18:05:00','2017-05-12 16:33:43','英语','90','40','4厅Dual4K',4,136378877),('银河护卫队2','2017-05-12 19:00:00','2017-05-12 16:33:43','英语','140','55','IMAX厅',4,136378877),('银河护卫队2','2017-05-12 20:40:00','2017-05-12 16:33:43','英语','90','40','4厅Dual4K',4,136378877),('银河护卫队2','2017-05-12 21:45:00','2017-05-12 16:33:43','英语','140','55','IMAX厅',4,136378877),('银河护卫队2','2017-05-12 23:15:00','2017-05-12 16:33:43','英语','90','40','4厅Dual4K',4,136378877),('毒。诫','2017-05-14 11:35:00','2017-05-12 16:33:43','国语','70','35','2厅',4,136378877),('毒。诫','2017-05-14 13:35:00','2017-05-12 16:33:43','国语','70','35','2厅',4,136378877),('毒。诫','2017-05-14 15:35:00','2017-05-12 16:33:43','国语','70','35','2厅',4,136378877),('毒。诫','2017-05-14 20:20:00','2017-05-12 16:33:43','国语','70','35','传祺长坤8厅',4,136378877),('毒。诫','2017-05-14 22:15:00','2017-05-12 16:33:43','国语','70','35','传祺长坤8厅',4,136378877),('亚瑟王：斗兽争霸','2017-05-14 10:05:00','2017-05-12 16:33:43','英语','80','35','5厅',4,136378877),('亚瑟王：斗兽争霸','2017-05-14 12:30:00','2017-05-12 16:33:43','英语','80','35','5厅',4,136378877),('亚瑟王：斗兽争霸','2017-05-14 15:00:00','2017-05-12 16:33:43','英语','80','35','5厅',4,136378877),('亚瑟王：斗兽争霸','2017-05-14 17:30:00','2017-05-12 16:33:43','英语','80','35','5厅',4,136378877),('亚瑟王：斗兽争霸','2017-05-14 20:00:00','2017-05-12 16:33:43','英语','80','35','5厅',4,136378877),('亚瑟王：斗兽争霸','2017-05-14 22:30:00','2017-05-12 16:33:43','英语','80','35','5厅',4,136378877),('超凡战队','2017-05-14 10:00:00','2017-05-12 16:33:43','英语','80','35','7厅',4,136378877),('超凡战队','2017-05-14 12:20:00','2017-05-12 16:33:43','英语','80','35','7厅',4,136378877),('超凡战队','2017-05-14 14:40:00','2017-05-12 16:33:43','英语','80','35','7厅',4,136378877),('超凡战队','2017-05-14 17:00:00','2017-05-12 16:33:43','英语','80','35','7厅',4,136378877),('超凡战队','2017-05-14 19:20:00','2017-05-12 16:33:43','英语','80','35','7厅',4,136378877),('超凡战队','2017-05-14 21:40:00','2017-05-12 16:33:43','英语','80','35','7厅',4,136378877),('摔跤吧！爸爸','2017-05-14 10:50:00','2017-05-12 16:33:43','印度语','70','35','3厅',4,136378877),('摔跤吧！爸爸','2017-05-14 13:25:00','2017-05-12 16:33:43','印度语','70','35','3厅',4,136378877),('摔跤吧！爸爸','2017-05-14 16:00:00','2017-05-12 16:33:43','印度语','70','35','3厅',4,136378877),('摔跤吧！爸爸','2017-05-14 17:35:00','2017-05-12 16:33:43','印度语','70','35','2厅',4,136378877),('摔跤吧！爸爸','2017-05-14 18:35:00','2017-05-12 16:33:43','印度语','70','35','3厅',4,136378877),('摔跤吧！爸爸','2017-05-14 20:10:00','2017-05-12 16:33:43','印度语','70','35','2厅',4,136378877),('摔跤吧！爸爸','2017-05-14 21:10:00','2017-05-12 16:33:43','印度语','70','35','3厅',4,136378877),('摔跤吧！爸爸','2017-05-14 22:50:00','2017-05-12 16:33:43','印度语','70','35','2厅',4,136378877),('银河护卫队2','2017-05-14 10:20:00','2017-05-12 16:33:43','英语','90','40','4厅Dual4K',4,136378877),('银河护卫队2','2017-05-14 11:00:00','2017-05-12 16:33:43','英语','140','55','IMAX厅',4,136378877),('银河护卫队2','2017-05-14 12:55:00','2017-05-12 16:33:43','英语','90','40','4厅Dual4K',4,136378877),('银河护卫队2','2017-05-14 13:40:00','2017-05-12 16:33:43','英语','140','55','IMAX厅',4,136378877),('银河护卫队2','2017-05-14 15:30:00','2017-05-12 16:33:43','英语','90','40','4厅Dual4K',4,136378877),('银河护卫队2','2017-05-14 18:05:00','2017-05-12 16:33:43','英语','90','40','4厅Dual4K',4,136378877),('银河护卫队2','2017-05-14 16:20:00','2017-05-12 16:33:43','英语','140','55','IMAX厅',4,136378877),('银河护卫队2','2017-05-14 20:40:00','2017-05-12 16:33:43','英语','90','40','4厅Dual4K',4,136378877),('银河护卫队2','2017-05-14 19:00:00','2017-05-12 16:33:43','英语','140','55','IMAX厅',4,136378877),('银河护卫队2','2017-05-14 21:45:00','2017-05-12 16:33:43','英语','140','55','IMAX厅',4,136378877),('提着心，吊着胆','2017-05-12 20:00:00','2017-05-12 16:33:43','国语/2D','70.00','33.00','四楼E厅',3,4938),('麻烦家族','2017-05-12 21:30:00','2017-05-12 16:33:43','国语/2D','80.00','38.00','四楼F厅',3,4938),('速度与激情8','2017-05-12 21:00:00','2017-05-12 16:33:44','国语/3D','80.00','38.00','四楼B厅',3,4938),('摔跤吧！爸爸','2017-05-12 18:15:00','2017-05-12 16:33:44','印度语/2D','80.00','31.00','六号厅',3,6187),('摔跤吧！爸爸','2017-05-12 19:45:00','2017-05-12 16:33:44','印度语/2D','80.00','31.00','一号厅',3,6187),('银河护卫队2','2017-05-14 23:15:00','2017-05-12 16:33:44','英语','90','40','4厅Dual4K',4,136378877),('摔跤吧！爸爸','2017-05-12 20:20:00','2017-05-12 16:33:44','印度语/2D','80.00','31.00','五号厅',3,6187),('摔跤吧！爸爸','2017-05-12 21:20:00','2017-05-12 16:33:44','印度语/2D','80.00','31.00','二号厅',3,6187),('摔跤吧！爸爸','2017-05-13 10:25:00','2017-05-12 16:33:44','印度语/2D','80.00','31.00','一号厅',3,6187),('摔跤吧！爸爸','2017-05-13 13:00:00','2017-05-12 16:33:44','印度语/2D','80.00','31.00','一号厅',3,6187),('摔跤吧！爸爸','2017-05-13 14:30:00','2017-05-12 16:33:44','印度语/2D','80.00','31.00','四号厅',3,6187),('摔跤吧！爸爸','2017-05-13 17:20:00','2017-05-12 16:33:44','印度语/2D','80.00','31.00','二号厅',3,6187),('摔跤吧！爸爸','2017-05-13 19:00:00','2017-05-12 16:33:44','印度语/2D','80.00','31.00','四号厅',3,6187),('摔跤吧！爸爸','2017-05-13 19:50:00','2017-05-12 16:33:44','印度语/2D','80.00','31.00','三号厅',3,6187),('摔跤吧！爸爸','2017-05-13 21:25:00','2017-05-12 16:33:44','印度语/2D','80.00','31.00','一号厅',3,6187),('银河护卫队2','2017-05-12 21:50:00','2017-05-12 16:33:44','国语/3D','70.00','38.00','四楼D厅',3,4938),('银河护卫队2','2017-05-12 19:30:00','2017-05-12 16:33:44','国语/3D','70.00','38.00','四楼D厅',3,4938),('亚瑟王：斗兽争霸','2017-05-12 20:20:00','2017-05-12 16:33:44','国语/3D','70.00','38.00','四楼A厅',3,4938),('拆弹·专家','2017-05-12 21:40:00','2017-05-12 16:33:44','国语/2D','70.00','33.00','四楼E厅',3,4938),('毒。诫','2017-05-12 19:40:00','2017-05-12 16:33:44','国语/2D','70.00','33.00','四楼F厅',3,4938),('毒。诫','2017-05-12 17:50:00','2017-05-12 16:33:44','国语/2D','80.00','31.00','一号厅',3,6187),('毒。诫','2017-05-12 22:20:00','2017-05-12 16:33:44','国语/2D','80.00','31.00','一号厅',3,6187),('毒。诫','2017-05-12 20:50:00','2017-05-12 16:33:44','国语/2D','80.00','31.00','六号厅',3,6187),('毒。诫','2017-05-13 10:40:00','2017-05-12 16:33:44','国语/2D','80.00','31.00','四号厅',3,6187),('毒。诫','2017-05-13 12:35:00','2017-05-12 16:33:44','国语/2D','80.00','31.00','四号厅',3,6187),('毒。诫','2017-05-13 15:40:00','2017-05-12 16:33:44','国语/2D','80.00','31.00','一号厅',3,6187),('毒。诫','2017-05-13 17:05:00','2017-05-12 16:33:44','国语/2D','80.00','31.00','四号厅',3,6187),('毒。诫','2017-05-13 19:30:00','2017-05-12 16:33:44','国语/2D','80.00','31.00','一号厅',3,6187),('蓝精灵：寻找神秘村','2017-05-12 19:20:00','2017-05-12 16:33:44','国语/3D','70.00','38.00','四楼B厅',3,4938),('毒。诫','2017-05-13 22:20:00','2017-05-12 16:33:44','国语/2D','80.00','31.00','二号厅',3,6187),('摔跤吧！爸爸','2017-05-12 19:25:00','2017-05-12 16:33:44','国语/2D','70.00','33.00','四楼C厅',3,4938),('摔跤吧！爸爸','2017-05-12 21:45:00','2017-05-12 16:33:44','国语/2D','70.00','33.00','四楼C厅',3,4938),('银河护卫队2','2017-05-12 17:30:00','2017-05-12 16:33:44','英语/3D','80.00','36.00','三号厅',3,6187),('喜欢·你','2017-05-13 14:45:00','2017-05-12 16:33:44','国语/2D','80.00','34.00','六号厅',3,6187),('亚瑟王：斗兽争霸','2017-05-13 10:30:00','2017-05-12 16:33:44','英语/3D','80.00','36.00','三号厅',3,6187),('亚瑟王：斗兽争霸','2017-05-13 15:00:00','2017-05-12 16:33:44','英语/3D','80.00','36.00','二号厅',3,6187),('亚瑟王：斗兽争霸','2017-05-13 12:50:00','2017-05-12 16:33:44','英语/3D','80.00','36.00','三号厅',3,6187),('亚瑟王：斗兽争霸','2017-05-13 17:30:00','2017-05-12 16:33:44','英语/3D','80.00','36.00','三号厅',3,6187),('亚瑟王：斗兽争霸','2017-05-13 19:10:00','2017-05-12 16:33:44','英语/3D','80.00','36.00','六号厅',3,6187),('亚瑟王：斗兽争霸','2017-05-13 20:20:00','2017-05-12 16:33:44','英语/3D','80.00','36.00','五号厅',3,6187),('亚瑟王：斗兽争霸','2017-05-13 22:30:00','2017-05-12 16:33:44','英语/3D','80.00','36.00','三号厅',3,6187),('亚瑟王：斗兽争霸','2017-05-12 16:40:00','2017-05-12 16:33:44','英语/3D','80.00','36.00','二号厅',3,6187),('亚瑟王：斗兽争霸','2017-05-12 19:00:00','2017-05-12 16:33:44','英语/3D','80.00','36.00','二号厅',3,6187),('亚瑟王：斗兽争霸','2017-05-12 20:00:00','2017-05-12 16:33:44','英语/3D','80.00','36.00','三号厅',3,6187),('亚瑟王：斗兽争霸','2017-05-12 22:25:00','2017-05-12 16:33:44','英语/3D','80.00','36.00','三号厅',3,6187),('银河护卫队2','2017-05-13 12:30:00','2017-05-12 16:33:44','英语/3D','80.00','36.00','二号厅',3,6187),('银河护卫队2','2017-05-13 15:30:00','2017-05-12 16:33:44','英语/3D','80.00','36.00','五号厅',3,6187),('提着心，吊着胆','2017-05-12 22:45:00','2017-05-12 16:33:44','国语/2D','80.00','31.00','六号厅',3,6187),('超凡战队','2017-05-12 17:00:00','2017-05-12 16:33:44','英语/3D','80.00','36.00','四号厅',3,6187),('超凡战队','2017-05-12 18:00:00','2017-05-12 16:33:44','英语/3D','80.00','36.00','五号厅',3,6187),('超凡战队','2017-05-12 19:20:00','2017-05-12 16:33:44','英语/3D','80.00','36.00','四号厅',3,6187),('超凡战队','2017-05-12 21:40:00','2017-05-12 16:33:44','英语/3D','80.00','36.00','四号厅',3,6187),('提着心，吊着胆','2017-05-13 10:20:00','2017-05-12 16:33:44','国语/2D','80.00','31.00','六号厅',3,6187),('提着心，吊着胆','2017-05-13 12:40:00','2017-05-12 16:33:44','国语/2D','80.00','31.00','六号厅',3,6187),('提着心，吊着胆','2017-05-13 21:30:00','2017-05-12 16:33:44','国语/2D','80.00','31.00','六号厅',3,6187),('超凡战队','2017-05-13 10:50:00','2017-05-12 16:33:44','英语/3D','80.00','36.00','五号厅',3,6187),('超凡战队','2017-05-13 13:10:00','2017-05-12 16:33:44','英语/3D','80.00','36.00','五号厅',3,6187),('超凡战队','2017-05-13 15:10:00','2017-05-12 16:33:44','英语/3D','80.00','36.00','三号厅',3,6187),('超凡战队','2017-05-13 16:45:00','2017-05-12 16:33:44','英语/3D','80.00','36.00','六号厅',3,6187),('超凡战队','2017-05-13 18:00:00','2017-05-12 16:33:44','英语/3D','80.00','36.00','五号厅',3,6187),('超凡战队','2017-05-13 20:00:00','2017-05-12 16:33:44','英语/3D','80.00','36.00','二号厅',3,6187),('超凡战队','2017-05-13 21:40:00','2017-05-12 16:33:44','英语/3D','80.00','36.00','四号厅',3,6187),('麻烦家族','2017-05-13 10:35:00','2017-05-12 16:33:44','国语/2D','80.00','34.00','二号厅',3,6187),('麻烦家族','2017-05-13 17:35:00','2017-05-12 16:33:44','国语/2D','80.00','34.00','一号厅',3,6187),('麻烦家族','2017-05-13 22:40:00','2017-05-12 16:33:44','国语/2D','80.00','34.00','五号厅',3,6187);

/*!40101 SET SQL_MODE=@OLD_SQL_MODE */;
/*!40014 SET FOREIGN_KEY_CHECKS=@OLD_FOREIGN_KEY_CHECKS */;
/*!40014 SET UNIQUE_CHECKS=@OLD_UNIQUE_CHECKS */;
/*!40111 SET SQL_NOTES=@OLD_SQL_NOTES */;
